id,keyword,text,target
65,ablaze,I gained 3 followers in the last week. You? Know your stats and grow with http://t.co/TIyUliF5c6,0
198,airplane%20accident,@crobscarla your lifetime odds of dying from an airplane accident are 1 in 8015.,0
242,airplane%20accident,Statistically I'm at more of risk of getting killed by a cop than I am of dying in an airplane accident.,0
353,annihilation,World Annihilation vs Self Transformation http://t.co/pyehwodWun Aliens Attack to Exterminate Humans http://t.co/pB2N77nSKz,0
356,annihilation,U.S National Park Services Tonto National Forest: Stop the Annihilation of the Salt River Wild Horse... https://t.co/sW1sBua3mN via @Change,1
360,annihilation,U.S National Park Services Tonto National Forest: Stop the Annihilation of the Salt River Wild Horse... http://t.co/KPQk0C4G0M via @Change,1
375,annihilation,@Whippenz We need help! Horses will die!Please RT &amp; sign petition!Take a stand &amp; be a voice for them! #gilbert23 https://t.co/e8dl1lNCVu,0
394,annihilation,U.S National Park Services Tonto National Forest: Stop the Annihilation of the Salt River Wild Horse... http://t.co/SB5R7ShcCJ via @Change,1
396,apocalypse,I'm gonna fight Taylor as soon as I get there.,0
413,apocalypse,the apocalypse is upon us,0
423,apocalypse,And that's because on my planet it's the lone audience of the apocalypse!,0
499,army,5 Seconds of Summer Is my pick for http://t.co/J6WsePTXgA Fan Army #5SOSFAM http://t.co/qWgIwC9w7Z,0
512,army,Vote for #Directioners vs #Queens in the 5th round of the @Billboard #FanArmyFaceOff http://t.co/Kgtxnnbj7y,0
516,army,One Direction Is my pick for http://t.co/q2eBlOKeVE Fan Army #Directioners http://t.co/eNCmhz6y34 x1392,1
574,arson,Mourning notices for stabbing arson victims stir Û÷politics of griefÛª in Israel: Posters for Shira Banki and A... http://t.co/3GZ5zQQTHe,0
585,arson,Owner of Chicago-Area Gay Bar Admits to Arson Scheme http://t.co/ZPxE3fMYNG #LGBT,1
653,attack,Demi stans really think Heart Attack sold 5/6 million copies ??,0
689,attack,Attack on Titan game on PS Vita yay! Can't wait for 2016,0
770,avalanche,I saw two great punk bands making original music last week. Check em out here!! @GHOSTOFTHEAV @MontroseBand https://t.co/WdvxjsQwic,0
822,battle,STAR WARS POWER OF THE JEDI COLLECTION 1 BATTLE DROID HASBRO - Full read by eBay http://t.co/yI30ZgiZsW http://t.co/2jGVhw7YZs,0
823,battle,Black Eye 9: A space battle occurred at Star O784 involving 2 fleets totaling 4103 ships with 50 destroyed,0
843,bioterror,FedEx no longer to transport bioterror germs in wake of anthrax lab mishaps http://t.co/qZQc8WWwcN via @usatoday,0
853,bioterror,#world FedEx no longer to transport bioterror germs in wake of anthrax lab mishaps  http://t.co/5zDbTktwW7,0
875,bioterror,FedEx no longer to transport bioterror germs in wake of anthrax lab mishaps http://t.co/hrqCJdovJZ,0
884,bioterrorism,Firepower in the lab [electronic resource] : automation in the fight against infectious diseases and bioterrorism /Û_ http://t.co/KvpbybglSR,0
898,bioterrorism,To fight bioterrorism sir.,0
916,bioterrorism,To fight bioterrorism sir.,0
921,bioterrorism,@ONU_France 74/75 Bioterrorism on '@Rockefeller_Chi/@RockefellerUniv'Heiress 2 evade lgl efforts 2 prosecute BLKs 4 @HarvardU kidnap'g.@AFP,0
1005,blazing,I'm blazing rn and there's nothing you can do to stop me,0
1119,blew%20up,Lmao that light skin guy blew up on Twitter by talking about how ugly he was as a kid..,0
1143,blight,@todd_calfee so @mattburgener wanted to see that info on blight u got,1
1245,blood,Can't believe more people in their mid 20's don't have high blood pressure. Life is stressful. #DecisionsOnDecisions,1
1326,bloody,I've just watched episode S01E09 of Bloody Monday! http://t.co/vRptHvPymt #bloodymonday #tvshowtime http://t.co/NkKvknBvOz,0
1360,blown%20up,Even though BSG had been sufficiently hyped up for me in all the years I somehow delayed watching it I was utterly utterly blown away.,1
1409,body%20bag,?? New Ladies Shoulder Tote #Handbag Faux Leather Hobo Purse Cross Body Bag #Womens http://t.co/zujwUiomb3 http://t.co/iap4LwvqsW,1
1440,body%20bagging,@Yankees body bagging mfs,1
1619,bombed,I liked a @YouTube video http://t.co/FX7uZZXtE4 Benedict Cumberbatch Gets Video Bombed,0
1676,bridge%20collapse,Ashes 2015: AustraliaÛªs collapse at Trent Bridge among worst in history: England bundled out Australia for 60 ... http://t.co/985DwWPdEt,1
1767,buildings%20burning,@PPFA At least they aren't burning buildings and looting stores.,0
1771,buildings%20on%20fire,Fire hazard associated with installation of non-compliant external cladding on http://t.co/bTPQdehl3p - By @www.cbplawyers,1
1865,burned,Watch how bad that fool get burned in coverage this year. Dat dude is all-pro practice squad material,1
1932,burning%20buildings,A protest rally at Stone Mountain? Atleast they're not burning down buildings and looting store like some individuals do when they 'protest',0
1956,burning%20buildings,Ah yes the gays are totally destroying America. I can see buildings burning and meteors crashing into schools wow,0
1968,burning%20buildings,I Pledge Allegiance To The P.O.P.E. And The Burning Buildings of Epic City. ??????,1
2125,catastrophe,UPDATE: 7 of the 9 Mac Pros my company bought in May have had catastrophe failures requiring repair!,1
2131,catastrophe,Burford. What a catastrophe! Traffic and big lorries. No action as usual from Council.,0
2263,cliff%20fall,ok peace I hope I fall off a cliff along with my dignity,1
2340,collapse,Why did I come to work today.. Literally wanna collapse of exhaustion,1
2400,collapsed,Petition | Heartless owner that whipped horse until it collapsed is told he can KEEP his animal! Act Now! http://t.co/87eFCBIczM,1
2454,collided,Cyclist who collided with runner on Roanoke greenway wins $300000 civil verdict http://t.co/WgasoeNCwc via @roanoketimes,0
2513,collision,Santa Fe Springs Studebaker Rd / South St **Trfc Collision-No Inj** http://t.co/6uHih9pbrU,0
2524,collision,San Bernardino I10 W Eo / Redlands Blvd **Trfc Collision-No Inj** http://t.co/FT9KIGmIgh,0
2661,crush,My woman crush wedneday goes to the beautiful @taykreidler #loveyouuuu #aintsheperty https://t.co/WeMwdtFwiC,0
2732,crushed,crushed a 6 mile run tonight. awesome,0
2913,danger,What is this? Like I could be in danger or something,1
2921,danger,"@therealRITTZ #FETTILOOTCH IS #SLANGLUCCI OPPRESSIONS GREATEST DANGER COMING SOON THE ALBUM 
https://t.co/moLL5vd8yD",0
2932,danger,I wish I could get Victoria's Secret on front. I'm good for it.,0
2995,dead,that's it val is dead im suing,1
3012,death,Going back to Gainesville will be the death of me,1
3029,death,Ted Cruz Bashes Obama Comparison GOP To Iranians Shouting 'Death To America' http://t.co/cuFGVupKzi,0
3044,death,Afghan peace talks in doubt after Mullah Omar's death - Financial Times | #Mullah,0
3083,deaths,None of you annoying crusty 'All Lives Matter' head ass people ever actually support causes you just hate when black deaths get attention.,0
3221,deluged,Why are you deluged with low self-image? Take the quiz: http://t.co/XsPqdOrIqj http://t.co/CQYvFR4UCy,1
3240,deluged,Businesses are deluged with invoices. Make yours stand out with colour or shape and it's likely to rise to the top of t e pay' pileq,1
3242,deluged,Do you feel deluged by low self-image? Take the quiz: http://t.co/QN4ZYISsPO http://t.co/3VWp7wD56W,0
3270,demolish,Enugu Government to demolish illegal structures at International Conference Centre http://t.co/ouYLwuIXcs,1
3650,destroy,destroy the free fandom honestly,1
3704,destroyed,Black Eye 9: A space battle occurred at Star O784 involving 3 fleets totaling 3941 ships with 13 destroyed,0
3718,destroyed,Black Eye 9: A space battle occurred at Star O784 involving 2 fleets totaling 3967 ships with 39 destroyed,0
3719,destroyed,Black Eye 9: A space battle occurred at Star O784 involving 3 fleets totaling 3942 ships with 14 destroyed,0
3721,destroyed,Russian customs destroyed a total of 319 tons of food today phew! Some Italian meats were burned in an incinerator in Pulkovo airport.,0
3722,destroyed,Black Eye 9: A space battle occurred at Star O784 involving 2 fleets totaling 3942 ships with 13 destroyed,0
3738,destroyed,Black Eye 9: A space battle occurred at Star O784 involving 3 fleets totaling 3945 ships with 17 destroyed,0
3742,destroyed,Black Eye 9: A space battle occurred at Star O784 involving 2 fleets totaling 3934 ships with 7 destroyed,0
3747,destroyed,Black Eye 9: A space battle occurred at Star O784 involving 2 fleets totaling 3939 ships with 11 destroyed,0
3780,destruction,On this day in 1998 Appetite For Destruction goes to #1 on the Billboard Album Charts and stay on for 57 weeks,0
3830,detonate,Detonate (feat. M.O.P.) by Apollo Brown http://t.co/h9FSIaxv3Q,0
3879,detonation,Detonation fashionable mountaineering electronic watch water-resistant couples leisure tabÛ_ http://t.co/7dYOgLhMRe http://t.co/HKm3rtD4ZF,1
3949,devastation,I'm in utter shock and devastation you don't go to work to be left feeling how I do now. Life really is too short ??,1
4043,disaster,DISASTER AVERTED: Police kill gunman with Û÷hoax deviceÛª atåÊcinema http://t.co/5NG0FzpVdS,0
4076,displaced,.POTUS #StrategicPatience is a strategy for #Genocide; refugees; IDP Internally displaced people; horror; etc. https://t.co/rqWuoy1fm4,0
4080,displaced,Angry Woman Openly Accuses NEMA Of Stealing Relief Materials Meant For IDPs: An angry Internally Displaced wom... http://t.co/TEq7SrI57P,1
4135,drought,Large rain drops falling in Rock Hill off Anderson Road. #rain #scwx #drought,0
4172,drown,I can't drown my demons they know how to swim,1
4227,drowned,So I pick myself off the ground and swam before I drowned. Hit the bottom so hard I bounced twice suffice this time around is different.,1
4237,drowned,I got drowned like 5 times in the damn game today ????????????,1
4255,drowning,Family mourns drowning of 'superhero' toddler with rare epilepsy: Bradley Diebold suffered hundreds of epilepticÛ_ http://t.co/unsayJDTu7,0
4372,earthquake,ML 2.0 SICILY ITALY http://t.co/z6hxx6d2pm #euroquake,0
4384,earthquake,#USGS M 1.4 - 4km E of Interlaken California: Time2015-08-06 00:52:25 UTC2015-08-05 17:52:25 -07:00 at ep... http://t.co/zqrcptLrUM #SM,0
4385,earthquake,#Sismo M 1.3 - 1km NNE of The Geysers California: Time2015-08-05 23:40:21 UTC2015-08-05 16:40:21 -07:00 a... http://t.co/x6el3ySYcn #CS,0
4387,earthquake,Earthquake drill ??????,0
4441,electrocute,"@FoxNews He still has his beard - has he been visited by any1 while in prison? If he keeps that hideous beard electrocute him! 
#UglyPeople",1
4451,electrocuted,christie keeps telling me that i need to be electrocuted,0
4499,emergency,Survival Kit Whistle Fire Starter Wire Saw Cree Torch Emergency Blanket S knife  - Full reÛ_ http://t.co/cm7HqwWUlZ http://t.co/KdwAzHQTov,1
4659,engulfed,He came to a land which was engulfed in tribal war and turned it into a land of peace i.e. Madinah. #ProphetMuhammad #islam,1
4669,engulfed,He came to a land which was engulfed in tribal war and turned it into a land of peace i.e. Madinah. #ProphetMuhammad #islam,1
4675,engulfed,@godsfirstson1 and she wrapped his coat around herself. It practically engulfed her.,1
4787,evacuated,Trafford Centre film fans angry after Odeon cinema evacuated following false fire alarm   http://t.co/6GLDwx71DA,0
4798,evacuated,Ahrar Al Sham: In our negotiations with Iran over Al Zabadani they wanted all Sunnis evacuated out of Al Zabadani!,0
4814,evacuation,FAAN orders evacuation of abandoned aircraft at MMA http://t.co/dEvYbnVXGQ via @todayng,0
4918,exploded,The Dress Memes Have Officially Exploded On The Internet http://t.co/3drSmxw3cr,1
5005,explosion,The gusto in persist had amongst empty-pated communication explosion: hPSsJD,1
5192,fatalities,There have been zero spider bite-related fatalities in Australia since 1979.,0
5247,fatality,Kosciusko police investigating pedestrian fatality hit by a train Thursday http://t.co/m5djLLxoZP,0
5248,fatality,Fatality https://t.co/GF5qjGoyCi,1
5283,fear,Horror films are made by incredibly creative artists. We interviewed 21 of them in depth for The Anatomy of Fear. http://t.co/J6mpdsx9Lk,1
5285,fear,my worst fear. https://t.co/iH8UDz8mq3,0
5350,fire,This nigga Cyhi diss was what Meek was suppose to do. This shit actually fire,0
5510,flames,The advantages apropos of in flames favorable regard mississauga ontario: pWHvGwax,0
5532,flattened,Flattened thee striker,1
5564,flood,Spot Flood Combo 53inch 300W Curved Cree LED Work Light Bar 4X4 Offroad Fog Lamp - Full reÛ_ http://t.co/xxkHjySn0p http://t.co/JEVHKNJGBX,1
5570,flood,2pcs 18W CREE Led Work Light  Offroad Lamp Car Truck Boat Mining 4WD FLOOD BEAM - Full reaÛ_ http://t.co/VDeFmulx43 http://t.co/yqpAIjSa5g,0
5588,flood,2pcs 18W CREE Led Work Light  Offroad Lamp Car Truck Boat Mining 4WD FLOOD BEAM - Full reaÛ_ http://t.co/O1SMUh2unn http://t.co/xqj6WgiuQH,0
5592,flood,2pcs 18W CREE Led Work Light  Offroad Lamp Car Truck Boat Mining 4WD FLOOD BEAM - Full reaÛ_ http://t.co/1QT51r5h98 http://t.co/OQH1JbUEnl,0
5621,flooding,@adorableappple No reported flooding po in the area. Ten-4. #mmda,0
5662,floods,"Who is bringing the tornadoes and floods. Who is bringing the climate change. God is after America He is plaguing her
 
#FARRAKHAN #QUOTE",1
5898,harm,@dinallyhot Love what you picked! We're playing WORTH IT by FIFTH HARM/KID INK because of you! Listen &amp; Vote: http://t.co/0wrATkA2jL,0
5921,harm,@5hvzlaRadio Love what you picked! We're playing WORTH IT by FIFTH HARM/KID INK because of you! Listen &amp; Vote: http://t.co/0wrATkA2jL,0
5959,hazard,Choking Hazard Prompts Recall Of Kraft Cheese Singles http://t.co/XGKyVF9t4f,0
5990,hazardous,JAX issues Hazardous Weather Outlook (HWO) http://t.co/fuCOQhcLAD,0
6002,hazardous,09:13 PM:  Hazardous Weather Outlook (http://t.co/ed1VpITsWY): NO HAZARDOUS WEATHER IS EXPECTED AT THIS TIME.... http://t.co/6XSbddlZiy,0
6012,hazardous,Caution: breathing may be hazardous to your health.,1
6031,hazardous,#foodscare #offers2go #NestleIndia slips into loss after #Magginoodle #ban unsafe and hazardous for #humanconsumption,0
6097,hellfire,The Prophet (peace be upon him) said 'Save yourself from Hellfire even if it is by giving half a date in charity.',1
6112,hellfire,Hellfire is surrounded by desires so be careful and donÛªt let your desires control you! #Afterlife,1
6113,hellfire,Hellfire! We donÛªt even want to think about it or mention it so letÛªs not do anything that leads to it #islam!,0
6123,hellfire,#Allah describes piling up #wealth thinking it would last #forever as the description of the people of #Hellfire in Surah Humaza. #Reflect,1
6132,hellfire,The Prophet (peace be upon him) said 'Save yourself from Hellfire even if it is by giving half a date in charity.',1
6138,hijack,Bayelsa poll: Tension in Bayelsa as Patience Jonathan plans to hijack APC PDP: Plans by former First Lady and... http://t.co/86RSYy2tng,1
6159,hijack,Patience Jonathan On The Move To Hijack APC In BayelsaåÊState http://t.co/Vh8QtbyPZt,0
6191,hijacker,Remove the http://t.co/VbqmZ5aPwj and Linkury Browser Hijacker http://t.co/C2EyjNyBfN http://t.co/gt7gf0fSeX,1
6199,hijacker,Remove the http://t.co/JAb541hHk0 and Linkury Browser Hijacker http://t.co/Je6Zjwh5uB http://t.co/fDxgmiwAEh,1
6217,hijacker,Governor weighs parole for California school bus hijacker http://t.co/7NPBfRzEJL http://t.co/Y0kByy8nce,0
6220,hijacker,RT NotExplained: The only known image of infamous hijacker D.B. Cooper. http://t.co/JlzK2HdeTG,0
6244,hijacking,#hot  Funtenna: hijacking computers to send data as sound waves [Black Hat 2015] http://t.co/J2aQs5loxu #prebreak #best,1
6259,hijacking,#hot  Funtenna: hijacking computers to send data as sound waves [Black Hat 2015] http://t.co/qj3PVgaVN7 #prebreak #best,1
6274,hijacking,#hot  Funtenna: hijacking computers to send data as sound waves [Black Hat 2015] http://t.co/cOMuiOk3mP #prebreak #best,1
6276,hijacking,#hot  Funtenna: hijacking computers to send data as sound waves [Black Hat 2015] http://t.co/xV3D9bPjHi #prebreak #best,1
6283,hijacking,#hot  Funtenna: hijacking computers to send data as sound waves [Black Hat 2015] http://t.co/UMgD92wLjA #prebreak #best,1
6325,hostage,I went to pick up my lunch today and the bartender was holding my change hostage because he wanted my number. ??,1
6366,hostages,#hot  C-130 specially modified to land in a stadium and rescue hostages in Iran in 1980 http://t.co/zY3hpdJNwg #prebreak #best,0
6392,hurricane,@Hurricane_Dolce happy birthday big Bruh,0
6425,hurricane,Stream HYPE HURRICANE,0
6450,injured,#WakeUpFlorida... #Floridians more likely to be killed/injured by a #TrophyHunt killer's gun than by ISIS.  https://t.co/j5In8meXAJ,0
6505,injuries,@nalathekoala As a health care professional that deals all gun violence sequalae I consider suicides injuries accidents and homicides,0
6511,injuries,@fkhanage look what Shad Forsythe has done in 1 year we won't have as many injuries as before we will inevitably have injuries like others,0
6530,injuries,Diego Costa needs to stop getting injuries urg,0
6561,injury,#PFT Barkevious Mingo missed Browns practice with a mystery injury http://t.co/D7m9KGMPJI,0
6566,injury,CLEARED:incident with injury:I-495  inner loop Exit 31 - MD 97/Georgia Ave Silver Spring,0
6572,injury,#Cowboys: Wednesday's injury report: RB Lance Dunbar injures ankle is listed as day-to-day:  http://t.co/RkB7EgKveb,0
6624,inundated,This is set to become a huge one month wonder. (And then Pornhub will be inundated....) http://t.co/gghfx8PzMh,1
6627,inundated,@LEDofficial1 As you can imagine we're inundated with requests each week for samples &amp; as much as we'd love to be able to send sweets 1/2,1
6706,lava,@YoungHeroesID Lava Blast &amp; Power Red #PantherAttack @JamilAzzaini @alifaditha,0
6722,lava,@YoungHeroesID Lava Blast &amp; Power Red @dieanpink95 @yu_nita99 #PantherAttack,0
6736,lava,@YoungHeroesID 4. Lava Blast Power Red #PantherAttack,0
6775,lightning,World War II book LIGHTNING JOE An Autobiography by General J. Lawton Collins http://t.co/BzdfznKvoG http://t.co/eRhdH37rDh,0
6790,lightning,Some crazy lightning outside,0
6799,loud%20bang,kabwandi_: Breaking news! Unconfirmed! I just heard a loud bang nearby. in what appears to be a blast of wind from my neighbour's ass.,0
6800,loud%20bang,tkyonly1fmk: Breaking news! Unconfirmed! I just heard a loud bang nearby. in what appears to be a blast of wind from my neighbour's ass.,0
6804,loud%20bang,Ercjmnea: Breaking news! Unconfirmed! I just heard a loud bang nearby. in what appears to be a blast of wind from my neighbour's ass.,0
6807,loud%20bang,kotolily_: Breaking news! Unconfirmed! I just heard a loud bang nearby. in what appears to be a blast of wind from my neighbour's ass.,0
6808,loud%20bang,tarmineta3: Breaking news! Unconfirmed! I just heard a loud bang nearby. in what appears to be a blast of wind from my neighbour's ass.,0
6809,loud%20bang,shawie17shawie: Breaking news! Unconfirmed! I just heard a loud bang nearby. in what appears to be a blast of wind from my neighbour's ass.,0
6819,loud%20bang,nikoniko12022: Breaking news! Unconfirmed! I just heard a loud bang nearby. in what appears to be a blast of wind from my neighbour's ass.,0
6824,loud%20bang,k_matako_bot: Breaking news! Unconfirmed! I just heard a loud bang nearby. in what appears to be a blast of wind from my neighbour's ass.,0
6830,loud%20bang,Kijima_Matako: Breaking news! Unconfirmed! I just heard a loud bang nearby. in what appears to be a blast of wind from my neighbour's ass.,0
6832,loud%20bang,matako_3: Breaking news! Unconfirmed! I just heard a loud bang nearby. in what appears to be a blast of wind from my neighbour's ass.,0
6834,loud%20bang,ykelquiban: Breaking news! Unconfirmed! I just heard a loud bang nearby. in what appears to be a blast of wind from my neighbour's ass.,0
6844,loud%20bang,matako_milk: Breaking news! Unconfirmed! I just heard a loud bang nearby. in what appears to be a blast of wind from my neighbour's ass.,0
6847,loud%20bang,ColnHarun: Breaking news! Unconfirmed! I just heard a loud bang nearby. in what appears to be a blast of wind from my neighbour's ass.,0
6862,mass%20murder,"@noah_anyname That's where the concentration camps and mass murder come in. 
 
EVERY. FUCKING. TIME.",0
6882,mass%20murder,The media needs to stop publicizing mass murder. So many sick people want the eyes of the world and the media... http://t.co/QZlPFHpwDO,0
6912,mass%20murderer,@atljw @cnnbrk fine line btw mass murderer and terrorist. Yes we don't know if there's polit. or social aspect yet; however he went to a,0
7001,mayhem,I guess ill never be able to go to mayhem...,0
7002,mayhem,I liked a @YouTube video from @itsjustinstuart http://t.co/oDV3RqS8JU GUN RANGE MAYHEM!,1
7050,meltdown,The ol' meltdown victory for the Mets.,1
7052,meltdown,@tinybaby @adultblackmale @mattytalks meltdown mwednesday,1
7112,military,Army names 10th Mountain units for Iraq Afghanistan deployments (Deeds) http://t.co/N6ZfLXIGvr,0
7202,natural%20disaster,Rationing of food and water may also become necessary during an emergency such as a natural disaster or terror attack.,0
7250,nuclear%20disaster,"Nuclear deal disaster.

#IranDeal #NoNuclearIran #BadIranDeal @JebBush @BarackObama http://t.co/z7phPjtqud",0
7275,nuclear%20disaster,@drvox Trump can say nice things about nuclear power but 'drill baby drill!' + AGW denial = policy disaster for nuclear power.,0
7323,nuclear%20reactor,Magnetic and electrostatic nuclear fusion reactor http://t.co/eM5oPyTBpg,0
7386,obliterate,Watch Sarah Palin OBLITERATE Planned Parenthood For Targeting Minority Women! ÛÒ BB4SP http://t.co/fqMYprlG9g,0
7392,obliterate,Watch Sarah Palin OBLITERATE Planned Parenthood For Targeting Minority Women! ÛÒ BB4SP http://t.co/sAYZt2oagm,0
7415,obliterated,Drunk Meals 101: What To Cook When You're Totally Obliterated http://t.co/m19iVWrdkk,1
7607,pandemonium,I'll be at SFA very soon....#Pandemonium http://t.co/RW8b50xz9m,1
7609,pandemonium,Pandemonium In Aba As Woman Delivers Baby Without Face (Photos) http://t.co/wRqF6U55hh,0
7612,pandemonium,Pandemonium In Aba As Woman Delivers Baby Without Face (Photos) http://t.co/AcFI2rHz4N,0
7622,pandemonium,Pandemonium In Aba As Woman Delivers Baby Without Face (Photos) - http://t.co/dI5aRr6HQ6,0
7626,pandemonium,Pandemonium In Aba As Woman Delivers Baby Without Face (Photos) - http://t.co/c5u9qsySeJ,0
7630,pandemonium,Pandemonium In Aba As Woman Delivers Baby Without Face (Photos) @... http://t.co/JbxBi93CLu,0
7633,pandemonium,Pandemonium In Aba As Woman Delivers Baby Without Face (Photos) - http://t.co/Ykdsp0nRDQ,0
7635,pandemonium,Pandemonium In Aba As Woman Delivers Baby Without Face (Photos) http://t.co/8j4rdwyjWu http://t.co/9MkZPZfKL2,0
7638,pandemonium,-  Pandemonium In Aba As Woman Delivers Baby Without Face http://t.co/36GccAPaak http://t.co/nqjZS6wkuN,0
7722,panicking,all that panicking made me tired ;__; i want to sleep in my bed,1
7765,police,UNWANTED PERSON at 200 BLOCK OF SE 12TH AVE PORTLAND OR [Portland Police #PP15000266818] 17:10 #pdx911,0
7801,quarantine,#Reddit updates #content #policy promises to quarantine Û÷extremely offensiveÛª communities http://t.co/EHGtZhKAn4,1
7804,quarantine,Reddit Will Now Quarantine Offensive Content http://t.co/WosYPVQUFI http://t.co/XW8SDS1Tjp,1
7837,quarantine,Reddit Will Now Quarantine OffensiveåÊContent http://t.co/Gllawb2FSk http://t.co/3kaAfuoztc,0
7843,quarantine,Reddit Will Now Quarantine OffensiveåÊContent https://t.co/MjbIUvbMo6 http://t.co/I5cdTD8ftj,0
7844,quarantine,Reddit Will Now Quarantine Offensive Content http://t.co/LTmgdP6Jaf,1
7860,quarantined,Reddit's new content policy goes into effect many horrible subreddits banned or quarantined http://t.co/ZsXqbdUzBN http://t.co/6NCfjXPLOY,1
7862,quarantined,#hot  Reddit's new content policy goes into effect many horrible subreddits banned or quarantined http://t.co/nGKrZPza45 #prebreak #best,1
7864,quarantined,Are Users of this Sub to be Quarantined? http://t.co/9nLY2TovUD,0
7984,razed,@DavidVonderhaar At least you were sincere ??,1
8044,refugees,wowo--=== 12000 Nigerian refugees repatriated from Cameroon,0
8288,rioting,http://t.co/jMzcaqyDfa  Cindy Noonan@CindyNoonan-Heartbreak in #Baltimore #Rioting #YAHIstorical #UndergroundRailraod,0
8296,rubble,@accionempresa ChinaÛªs stock market crash this summer has sparked interest from bargain hunt... http://t.co/s0Eyq1wEHE @gerenciatodos å¨,1
8301,rubble,#360WiseNews : China's Stock Market Crash: Are There Gems In The Rubble? http://t.co/eaTFro3d5x,0
8312,rubble,China's Stock Market Crash: Are There Gems In The Rubble? http://t.co/3PBFyJx0yA,0
8332,rubble,China's Stock Market Crash: Are There Gems In The Rubble? http://t.co/Ox3qb15LWQ | https://t.co/8u07FoqjzW http://t.co/tg5fQc8zEY,0
8341,rubble,#360WiseNews : China's Stock Market Crash: Are There Gems In The Rubble? http://t.co/gQskwqZuUl,0
8356,ruin,like why on earth would you want anybody to be unhappy don't purposely ruin somebody else's happiness,0
8366,ruin,You wanna ruin a relationship? Just ask 'what are your intentions' and you'll do it,0
8440,sandstorm,Now playing: Darude - Sandstorm - radio edit http://t.co/DUdAIrBBPo http://t.co/padosfyXnM,0
8528,screaming,"#NoChillLukeHammings
IM SCREAMING",1
8545,screams,//screams in the distance// http://t.co/Cfe9HUQN0h,1
8692,sinking,Do you feel like you are sinking in low self-image? Take the quiz: http://t.co/JvjALYg2n1 http://t.co/qXMWELJbc0,0
8702,sinking,that horrible sinking feeling when youÛªve been at home on your phone for a while and you realise its been on 3G this whole time,0
8706,sinking,?that horrible sinking feeling when youÛªve been at home on your phone for a while and you realise its been on 3G this whole time,0
8714,sinking,that horrible sinking feeling when youÛªve been at home on your phone for a while and you realise its been on 3G this whole time,0
8727,sinking,That horrible sinking feeling when youÛªve been at home on your phone for a while and you realise its been on 3G this whole time.,0
8747,siren,'Amateur Night' Actress Reprises Role for 'Siren' - HorrorMovies.ca #horror http://t.co/W9Cd6OFfcj,1
8786,siren,@SoonerMagic_ I mean I'm a fan but I don't need a girl sounding off like a damn siren,1
8806,sirens,To ouvindo sleeping with sirens awn,0
8880,smoke,I get to smoke my shit in peace,1
8908,snowstorm,@Habbo bring back games from the past. Snowstorm. Tic tac toe. Battleships. Fast food. Matchwood.,1
8912,snowstorm,Sassy city girl country hunk stranded in Smoky Mountain snowstorm #AoMS http://t.co/ZDJ2hyF6RO #ibooklove #bookboost,0
8931,snowstorm,#NowPlaying Last Smoke Before The Snowstorm by Benjamin Francis Leftwich - hopefully new album coming soon :) ? http://t.co/5kjy8G0i4y,0
8942,storm,FINALLY a storm,0
9029,stretcher,Keep shape your shoes ??#Amazon #foot #adjust #shape #shoe Mini Shoe Tree Stretcher Shaper Width Extender Adjustable http://t.co/8cPcz2xoHb,1
9034,stretcher,Scary stuff in San Antonio. Stars head coach Dan Hughes was run into on the sidelines and fell over chairs onto the floor. Stretcher now out,1
9040,stretcher,@Stretcher @witter @Rexyy @Towel show me a picture of it,1
9286,sunk,@UnrealTouch fuck sake john Jesus my heart just sunk.,1
9292,survive,Hank Williams Jr. - 'Country Boys Can Survive' (Official Music Video) https://t.co/YOu7wn9xVs via @YouTube,0
9432,survivors,Survivors of Shanghai Ghetto reunite after 70 years - http://t.co/1Ki8LgVAy4 #Shanghai #China #??,0
9445,terrorism,"Truth...
https://t.co/h6amECX5K7
#News
#BBC
#CNN
#Islam
#Truth
#god
#ISIS
#terrorism
#Quran
#Lies http://t.co/B8iWRdxcm0",0
9454,terrorism,"Truth...
https://t.co/beJfTYgJIL
#News
#BBC
#CNN
#Islam
#Truth
#god
#ISIS
#terrorism
#Quran
#Lies http://t.co/jlCZiDZ7Vu",0
9470,terrorism,In #islam saving a person is equal in reward to saving all humans! Islam is the opposite of terrorism!,0
9486,terrorism,"Truth...
https://t.co/k44tL3rfMy
#News
#BBC
#CNN
#Islam
#Truth
#god
#ISIS
#terrorism
#Quran
#Lies http://t.co/ipT0hoNoTI",0
9501,terrorist,HereÛªs how media in Pakistan covered the capture of terrorist Mohammed Naved http://t.co/f7WqpCEkg2,0
9574,thunder,@OriginalFunko @Spencers THUNDER BUDDYS!!!! THUNDER BUDDYS!!!!,1
9632,thunderstorm,"Conditions for Paris FR at 4:00 am CEST: Current Conditions:
Fair 68 FForecast:
Thu - Sunny. High: 87 Low: 61
Fri - PM Thunderstorm...",0
9654,thunderstorm,Wed 20:30: Mainly cloudy. 60 percent chance of showers this evening with risk of a thunderstorm. Low 10.,0
9779,trapped,Hollywood Movie About Trapped Miners Released in Chile http://t.co/EXQKmlg4NJ,0
9794,trapped,Hollywood Movie About Trapped Miners Released in Chile: 'The 33' Hollywood movie about trapped miners starring... http://t.co/tyyfG4qQvM,1
9797,trapped,Hollywood Movie About Trapped Miners Released in Chile: 'The 33' Hollywood movie about trapped miners starring... http://t.co/0f8XA4Ih1U,1
9828,trauma,Butt Trauma Extraordinaire,1
9883,traumatised,@disneyIrh so traumatised im ???? http://t.co/TATZfK63Ch,1
9912,trouble,@lucysforsale funny cause my dumb ass was the young one to get n trouble the most lol,1
9972,tsunami,"Crptotech tsunami and banks.
 http://t.co/KHzTeVeDja #Banking #tech #bitcoing #blockchain",1
10090,typhoon,Satellite Spies Super Typhoon Soudelor from Space (Photo) http://t.co/VBhu2t8wgB,0
10156,upheaval,A look at state actions a year after Ferguson's upheaval http://t.co/vXUFtVT9AU,1
10239,volcano,@alextucker VOLCANO BOWL DRINK,1
10339,weapons,I'm sorry but if you have to resort to weapons to settle something you're a pussy win or lose take your shit like a man &amp; leave it at that,1
10576,windstorm,TWIA board approves 5 percent rate hike: The Texas Windstorm Insurance Association (TWIA) Board of Directors v... http://t.co/esEMjRn5cC,0
